model,MAE,RMSE
RandomForest,87638.77333333332,103247.90959686902
GradientBoosting,99561.5160611454,119620.81379430741
