,coef,p_value
const,1740296.5641652634,1.099961119071854e-09
female_lfp,-41853.95602555727,2.405237087633331e-07
